-- Data export from Lovable Cloud project (fthaqhgejkuuodvbqxsc)
-- Run this in the new Supabase project's SQL Editor AFTER 001_schema.sql
BEGIN;

-- categories
INSERT INTO public.categories (id, slug, name, telugu_name, description, image_url, sort_order, active, created_at, updated_at) VALUES ('c06a4c49-c5d7-4a33-869c-357c804c8167','bridal-sets','Bridal Sets','వధూ ఆభరణాలు','Complete bridal jewelry sets crafted for your most cherished day','https://images.unsplash.com/photo-1599643477877-530eb83abc8e?w=800',1,t,'2026-05-02 08:41:40.129517+00','2026-05-02 08:41:40.129517+00') ON CONFLICT DO NOTHING;
INSERT INTO public.categories (id, slug, name, telugu_name, description, image_url, sort_order, active, created_at, updated_at) VALUES ('62ef5504-d67b-42d3-921a-c51abb9c81b2','necklaces-chains','Necklaces & Chains','హారాలు','Timeless necklaces and chains in gold and diamond','https://images.unsplash.com/photo-1611652022419-a9419f74343d?w=800',2,t,'2026-05-02 08:41:40.129517+00','2026-05-02 08:41:40.129517+00') ON CONFLICT DO NOTHING;
INSERT INTO public.categories (id, slug, name, telugu_name, description, image_url, sort_order, active, created_at, updated_at) VALUES ('32bcf9b0-7a57-44c7-aeda-6d487b5471fe','earrings','Earrings','చెవి దుద్దులు','Studs, jhumkas, danglers and chandbalis','https://images.unsplash.com/photo-1635767582909-345b8caa9f87?w=800',3,t,'2026-05-02 08:41:40.129517+00','2026-05-02 08:41:40.129517+00') ON CONFLICT DO NOTHING;
INSERT INTO public.categories (id, slug, name, telugu_name, description, image_url, sort_order, active, created_at, updated_at) VALUES ('843c2346-3766-41b0-a21f-370395fcaf78','rings-bangles','Rings & Bangles','ఉంగరాలు & గాజులు','Elegant rings and traditional bangles','https://images.unsplash.com/photo-1605100804763-247f67b3557e?w=800',4,t,'2026-05-02 08:41:40.129517+00','2026-05-02 08:41:40.129517+00') ON CONFLICT DO NOTHING;
INSERT INTO public.categories (id, slug, name, telugu_name, description, image_url, sort_order, active, created_at, updated_at) VALUES ('98a641f6-0b2e-498c-a351-53f79409e1e9','polki-kundan','Polki & Kundan','పోల్కీ & కుందన్','Handcrafted polki and kundan masterpieces','https://images.unsplash.com/photo-1573408301185-9146fe634ad0?w=800',5,t,'2026-05-02 08:41:40.129517+00','2026-05-02 08:41:40.129517+00') ON CONFLICT DO NOTHING;
INSERT INTO public.categories (id, slug, name, telugu_name, description, image_url, sort_order, active, created_at, updated_at) VALUES ('d346c0c5-58da-4ccf-a68f-84d8cfb7be61','temple-jewellery','Temple Jewellery','దేవాలయ ఆభరణాలు','Sacred temple-inspired jewellery in pure gold','https://images.unsplash.com/photo-1617038260897-41a1f14a8ca0?w=800',6,t,'2026-05-02 08:41:40.129517+00','2026-05-02 08:41:40.129517+00') ON CONFLICT DO NOTHING;
INSERT INTO public.categories (id, slug, name, telugu_name, description, image_url, sort_order, active, created_at, updated_at) VALUES ('5470ce58-b654-4340-98c0-dffc1038570f','diamond-solitaires','Diamond Solitaires','వజ్ర సోలిటైర్లు','Certified solitaire diamonds of brilliance','https://images.unsplash.com/photo-1605100804763-247f67b3557e?w=800',7,t,'2026-05-02 08:41:40.129517+00','2026-05-02 08:41:40.129517+00') ON CONFLICT DO NOTHING;

-- collections
INSERT INTO public.collections (id, slug, name, description, cover_image, featured, sort_order, active, created_at, updated_at) VALUES ('99e484b4-9417-443a-ac0d-a12899bf388a','royal-bridal','Royal Bridal','Regal sets inspired by South Indian heritage','https://images.unsplash.com/photo-1606293459339-0c8d36e22e51?w=1200',t,1,t,'2026-05-02 08:41:40.129517+00','2026-05-02 08:41:40.129517+00') ON CONFLICT DO NOTHING;
INSERT INTO public.collections (id, slug, name, description, cover_image, featured, sort_order, active, created_at, updated_at) VALUES ('456b1b06-7f16-4ad5-aaaf-18f7c564eba5','everyday-elegance','Everyday Elegance','Lightweight pieces for daily wear','https://images.unsplash.com/photo-1611591437281-460bfbe1220a?w=1200',t,2,t,'2026-05-02 08:41:40.129517+00','2026-05-02 08:41:40.129517+00') ON CONFLICT DO NOTHING;
INSERT INTO public.collections (id, slug, name, description, cover_image, featured, sort_order, active, created_at, updated_at) VALUES ('8a90bde2-2354-4526-a70d-f62d6009b71a','temple-tradition','Temple Tradition','Sacred motifs in 22k gold','https://images.unsplash.com/photo-1617038260897-41a1f14a8ca0?w=1200',t,3,t,'2026-05-02 08:41:40.129517+00','2026-05-02 08:41:40.129517+00') ON CONFLICT DO NOTHING;
INSERT INTO public.collections (id, slug, name, description, cover_image, featured, sort_order, active, created_at, updated_at) VALUES ('31219a91-b490-405c-9553-49ab49242a37','diamond-dreams','Diamond Dreams','Brilliant solitaires and diamond statements','https://images.unsplash.com/photo-1602173574767-37ac01994b2a?w=1200',t,4,t,'2026-05-02 08:41:40.129517+00','2026-05-02 08:41:40.129517+00') ON CONFLICT DO NOTHING;

-- banners
INSERT INTO public.banners (id, title, subtitle, image_url, cta_label, cta_link, sort_order, active, created_at, updated_at) VALUES ('7a233f11-11f7-40c0-8b9a-b9410850f614','The Bridal Edit','Heirloom craftsmanship for the modern bride','https://images.unsplash.com/photo-1606293459339-0c8d36e22e51?w=1920','Explore Bridal','/bridal',1,t,'2026-05-02 08:41:40.129517+00','2026-05-02 08:41:40.129517+00') ON CONFLICT DO NOTHING;
INSERT INTO public.banners (id, title, subtitle, image_url, cta_label, cta_link, sort_order, active, created_at, updated_at) VALUES ('6bb91ffb-c272-4559-acfc-ddba053dce9a','Polki & Kundan','Where tradition meets timeless artistry','https://images.unsplash.com/photo-1599643477877-530eb83abc8e?w=1920','Shop Collection','/collections/polki-kundan',2,t,'2026-05-02 08:41:40.129517+00','2026-05-02 08:41:40.129517+00') ON CONFLICT DO NOTHING;
INSERT INTO public.banners (id, title, subtitle, image_url, cta_label, cta_link, sort_order, active, created_at, updated_at) VALUES ('5db8a8bd-b7a3-4ca6-85fd-474b81638408','Diamond Solitaires','Certified brilliance, forever yours','https://images.unsplash.com/photo-1515562141207-7a88fb7ce338?w=1920','View Solitaires','/collections/diamond-solitaires',3,t,'2026-05-02 08:41:40.129517+00','2026-05-02 08:41:40.129517+00') ON CONFLICT DO NOTHING;

-- offers
INSERT INTO public.offers (id, title, description, image_url, badge, valid_until, sort_order, active, created_at, updated_at) VALUES ('ca3d997b-a01c-4b5b-85bc-bba1984d90fb','Festive Season Sale','Up to 25% off on making charges across all gold jewellery','https://images.unsplash.com/photo-1602173574767-37ac01994b2a?w=1200','25% OFF','2026-12-31',1,t,'2026-05-02 08:41:40.129517+00','2026-05-02 08:41:40.129517+00') ON CONFLICT DO NOTHING;
INSERT INTO public.offers (id, title, description, image_url, badge, valid_until, sort_order, active, created_at, updated_at) VALUES ('bface4d2-546e-49a3-ae65-fe43cba41f61','Bridal Booking Bonus','Complimentary mangalsutra worth ₹50,000 on bridal sets above ₹5L','https://images.unsplash.com/photo-1606293459339-0c8d36e22e51?w=1200','BRIDAL','2026-12-31',2,t,'2026-05-02 08:41:40.129517+00','2026-05-02 08:41:40.129517+00') ON CONFLICT DO NOTHING;
INSERT INTO public.offers (id, title, description, image_url, badge, valid_until, sort_order, active, created_at, updated_at) VALUES ('ad628a28-d22c-4ef2-93e4-1a0562643b63','Gold Exchange Offer','Get the best exchange value with zero deduction on certified gold','https://images.unsplash.com/photo-1611591437281-460bfbe1220a?w=1200','EXCHANGE','2026-12-31',3,t,'2026-05-02 08:41:40.129517+00','2026-05-02 08:41:40.129517+00') ON CONFLICT DO NOTHING;

-- products
INSERT INTO public.products (id, slug, name, description, category_id, collection_id, metal, weight_grams, occasion, stones, phone_number, whatsapp_number, enquiry_message, price_min, price_max, images, featured, active, created_at, updated_at) VALUES ('15aaedba-4472-4ae4-8b56-1c4f264eaf1e','royal-polki-bridal-set','Royal Polki Bridal Set','Statement polki necklace with matching earrings and maang tikka','c06a4c49-c5d7-4a33-869c-357c804c8167','99e484b4-9417-443a-ac0d-a12899bf388a','22K Gold','125.50','Wedding','Polki, Uncut Diamonds, Emeralds',NULL,NULL,NULL,'450000.00','650000.00','["https://images.unsplash.com/photo-1599643477877-530eb83abc8e?w=1200", "https://images.unsplash.com/photo-1606293459339-0c8d36e22e51?w=1200", "https://images.unsplash.com/photo-1573408301185-9146fe634ad0?w=1200"]'::jsonb,t,t,'2026-05-02 08:41:40.129517+00','2026-05-02 08:41:40.129517+00') ON CONFLICT DO NOTHING;
INSERT INTO public.products (id, slug, name, description, category_id, collection_id, metal, weight_grams, occasion, stones, phone_number, whatsapp_number, enquiry_message, price_min, price_max, images, featured, active, created_at, updated_at) VALUES ('d5ec2205-243b-408f-b6a8-490a48498893','temple-lakshmi-haaram','Lakshmi Temple Haaram','Long temple necklace featuring Goddess Lakshmi motif','d346c0c5-58da-4ccf-a68f-84d8cfb7be61','8a90bde2-2354-4526-a70d-f62d6009b71a','22K Gold','88.00','Festive','Rubies, Pearls',NULL,NULL,NULL,'280000.00','340000.00','["https://images.unsplash.com/photo-1617038260897-41a1f14a8ca0?w=1200", "https://images.unsplash.com/photo-1611652022419-a9419f74343d?w=1200"]'::jsonb,t,t,'2026-05-02 08:41:40.129517+00','2026-05-02 08:41:40.129517+00') ON CONFLICT DO NOTHING;
INSERT INTO public.products (id, slug, name, description, category_id, collection_id, metal, weight_grams, occasion, stones, phone_number, whatsapp_number, enquiry_message, price_min, price_max, images, featured, active, created_at, updated_at) VALUES ('ae4efc94-a78a-4c9e-a730-94d884a78823','classic-diamond-solitaire','Classic Diamond Solitaire Ring','GIA certified 1ct round brilliant solitaire in 18k white gold','5470ce58-b654-4340-98c0-dffc1038570f','31219a91-b490-405c-9553-49ab49242a37','18K White Gold','4.20','Engagement','1ct VVS1 Diamond',NULL,NULL,NULL,'320000.00','380000.00','["https://images.unsplash.com/photo-1605100804763-247f67b3557e?w=1200", "https://images.unsplash.com/photo-1602173574767-37ac01994b2a?w=1200"]'::jsonb,t,t,'2026-05-02 08:41:40.129517+00','2026-05-02 08:41:40.129517+00') ON CONFLICT DO NOTHING;
INSERT INTO public.products (id, slug, name, description, category_id, collection_id, metal, weight_grams, occasion, stones, phone_number, whatsapp_number, enquiry_message, price_min, price_max, images, featured, active, created_at, updated_at) VALUES ('d7de2677-70af-4247-850a-a041b031508b','peacock-jhumka','Peacock Jhumka Earrings','Handcrafted peacock motif jhumkas with pearl drops','32bcf9b0-7a57-44c7-aeda-6d487b5471fe','8a90bde2-2354-4526-a70d-f62d6009b71a','22K Gold','18.50','Festive','Rubies, Pearls',NULL,NULL,NULL,'95000.00','125000.00','["https://images.unsplash.com/photo-1635767582909-345b8caa9f87?w=1200"]'::jsonb,t,t,'2026-05-02 08:41:40.129517+00','2026-05-02 08:41:40.129517+00') ON CONFLICT DO NOTHING;
INSERT INTO public.products (id, slug, name, description, category_id, collection_id, metal, weight_grams, occasion, stones, phone_number, whatsapp_number, enquiry_message, price_min, price_max, images, featured, active, created_at, updated_at) VALUES ('b05df74e-e6a5-4dde-958c-d0b8ee49bce2','kundan-choker','Kundan Choker Set','Regal kundan choker with meenakari work and earrings','98a641f6-0b2e-498c-a351-53f79409e1e9','99e484b4-9417-443a-ac0d-a12899bf388a','22K Gold','62.00','Wedding','Kundan, Polki',NULL,NULL,NULL,'285000.00','340000.00','["https://images.unsplash.com/photo-1573408301185-9146fe634ad0?w=1200"]'::jsonb,t,t,'2026-05-02 08:41:40.129517+00','2026-05-02 08:41:40.129517+00') ON CONFLICT DO NOTHING;
INSERT INTO public.products (id, slug, name, description, category_id, collection_id, metal, weight_grams, occasion, stones, phone_number, whatsapp_number, enquiry_message, price_min, price_max, images, featured, active, created_at, updated_at) VALUES ('f0a386b7-8546-4cf7-9477-a9a5c7b61eb9','antique-gold-bangles','Antique Gold Bangles (Pair)','Pair of broad antique-finish gold bangles','843c2346-3766-41b0-a21f-370395fcaf78','8a90bde2-2354-4526-a70d-f62d6009b71a','22K Gold','55.00','Daily/Festive',NULL,NULL,NULL,NULL,'225000.00','260000.00','["https://images.unsplash.com/photo-1611591437281-460bfbe1220a?w=1200"]'::jsonb,f,t,'2026-05-02 08:41:40.129517+00','2026-05-02 08:41:40.129517+00') ON CONFLICT DO NOTHING;
INSERT INTO public.products (id, slug, name, description, category_id, collection_id, metal, weight_grams, occasion, stones, phone_number, whatsapp_number, enquiry_message, price_min, price_max, images, featured, active, created_at, updated_at) VALUES ('fe2706f5-cde3-4923-88f6-89a91d32f74f','diamond-tennis-bracelet','Diamond Tennis Bracelet','Classic tennis bracelet with 3ct total diamond weight','843c2346-3766-41b0-a21f-370395fcaf78','31219a91-b490-405c-9553-49ab49242a37','18K White Gold','12.00','Anniversary','3ct Diamonds',NULL,NULL,NULL,'285000.00','325000.00','["https://images.unsplash.com/photo-1602173574767-37ac01994b2a?w=1200"]'::jsonb,t,t,'2026-05-02 08:41:40.129517+00','2026-05-02 08:41:40.129517+00') ON CONFLICT DO NOTHING;
INSERT INTO public.products (id, slug, name, description, category_id, collection_id, metal, weight_grams, occasion, stones, phone_number, whatsapp_number, enquiry_message, price_min, price_max, images, featured, active, created_at, updated_at) VALUES ('64321897-d3ba-49c7-ab45-f9ac0680e781','mango-mala-necklace','Mango Mala Necklace','Traditional mango motif gold necklace','62ef5504-d67b-42d3-921a-c51abb9c81b2','8a90bde2-2354-4526-a70d-f62d6009b71a','22K Gold','45.00','Festive',NULL,NULL,NULL,NULL,'180000.00','215000.00','["https://images.unsplash.com/photo-1611652022419-a9419f74343d?w=1200"]'::jsonb,f,t,'2026-05-02 08:41:40.129517+00','2026-05-02 08:41:40.129517+00') ON CONFLICT DO NOTHING;
INSERT INTO public.products (id, slug, name, description, category_id, collection_id, metal, weight_grams, occasion, stones, phone_number, whatsapp_number, enquiry_message, price_min, price_max, images, featured, active, created_at, updated_at) VALUES ('878030e2-67f7-4ef1-a518-e0b1eb9a2670','chandbali-earrings','Chandbali Earrings','Crescent-shaped chandbali with kundan work','32bcf9b0-7a57-44c7-aeda-6d487b5471fe','99e484b4-9417-443a-ac0d-a12899bf388a','22K Gold','22.00','Wedding','Kundan, Pearls',NULL,NULL,NULL,'105000.00','135000.00','["https://images.unsplash.com/photo-1635767582909-345b8caa9f87?w=1200"]'::jsonb,f,t,'2026-05-02 08:41:40.129517+00','2026-05-02 08:41:40.129517+00') ON CONFLICT DO NOTHING;
INSERT INTO public.products (id, slug, name, description, category_id, collection_id, metal, weight_grams, occasion, stones, phone_number, whatsapp_number, enquiry_message, price_min, price_max, images, featured, active, created_at, updated_at) VALUES ('151d575a-d9ab-4c50-a1a2-f2c45686607b','emerald-bridal-set','Emerald Bridal Set','Necklace, earrings and bangles set with Zambian emeralds','c06a4c49-c5d7-4a33-869c-357c804c8167','99e484b4-9417-443a-ac0d-a12899bf388a','22K Gold','150.00','Wedding','Emeralds, Diamonds',NULL,NULL,NULL,'650000.00','850000.00','["https://images.unsplash.com/photo-1599643477877-530eb83abc8e?w=1200"]'::jsonb,f,t,'2026-05-02 08:41:40.129517+00','2026-05-02 08:41:40.129517+00') ON CONFLICT DO NOTHING;
INSERT INTO public.products (id, slug, name, description, category_id, collection_id, metal, weight_grams, occasion, stones, phone_number, whatsapp_number, enquiry_message, price_min, price_max, images, featured, active, created_at, updated_at) VALUES ('f316fd31-6fad-4af9-baa0-41252cd950e5','diamond-stud-earrings','Diamond Stud Earrings','Brilliant cut diamond studs in white gold','32bcf9b0-7a57-44c7-aeda-6d487b5471fe','31219a91-b490-405c-9553-49ab49242a37','18K White Gold','2.50','Daily','0.5ct Diamonds',NULL,NULL,NULL,'75000.00','95000.00','["https://images.unsplash.com/photo-1605100804763-247f67b3557e?w=1200"]'::jsonb,f,t,'2026-05-02 08:41:40.129517+00','2026-05-02 08:41:40.129517+00') ON CONFLICT DO NOTHING;
INSERT INTO public.products (id, slug, name, description, category_id, collection_id, metal, weight_grams, occasion, stones, phone_number, whatsapp_number, enquiry_message, price_min, price_max, images, featured, active, created_at, updated_at) VALUES ('6e2e4b90-e453-4c06-811b-1125ed7c65f3','rose-gold-chain','Rose Gold Layered Chain','Delicate layered chain in rose gold','62ef5504-d67b-42d3-921a-c51abb9c81b2','456b1b06-7f16-4ad5-aaaf-18f7c564eba5','18K Rose Gold','8.50','Daily',NULL,NULL,NULL,NULL,'38000.00','48000.00','["https://images.unsplash.com/photo-1611652022419-a9419f74343d?w=1200"]'::jsonb,f,t,'2026-05-02 08:41:40.129517+00','2026-05-02 08:41:40.129517+00') ON CONFLICT DO NOTHING;
INSERT INTO public.products (id, slug, name, description, category_id, collection_id, metal, weight_grams, occasion, stones, phone_number, whatsapp_number, enquiry_message, price_min, price_max, images, featured, active, created_at, updated_at) VALUES ('5a9bf5b7-afee-4018-94d9-2be53e1dea36','temple-kasu-mala','Temple Kasu Mala','Traditional coin necklace with Lakshmi coins','d346c0c5-58da-4ccf-a68f-84d8cfb7be61','8a90bde2-2354-4526-a70d-f62d6009b71a','22K Gold','72.00','Wedding',NULL,NULL,NULL,NULL,'290000.00','335000.00','["https://images.unsplash.com/photo-1617038260897-41a1f14a8ca0?w=1200"]'::jsonb,f,t,'2026-05-02 08:41:40.129517+00','2026-05-02 08:41:40.129517+00') ON CONFLICT DO NOTHING;
INSERT INTO public.products (id, slug, name, description, category_id, collection_id, metal, weight_grams, occasion, stones, phone_number, whatsapp_number, enquiry_message, price_min, price_max, images, featured, active, created_at, updated_at) VALUES ('9f230c4a-5a29-4921-81e9-2d0401752635','polki-jhumka','Polki Jhumka','Heavy polki jhumkas with emerald drops','98a641f6-0b2e-498c-a351-53f79409e1e9','99e484b4-9417-443a-ac0d-a12899bf388a','22K Gold','28.00','Wedding','Polki, Emeralds',NULL,NULL,NULL,'155000.00','185000.00','["https://images.unsplash.com/photo-1635767582909-345b8caa9f87?w=1200"]'::jsonb,f,t,'2026-05-02 08:41:40.129517+00','2026-05-02 08:41:40.129517+00') ON CONFLICT DO NOTHING;
INSERT INTO public.products (id, slug, name, description, category_id, collection_id, metal, weight_grams, occasion, stones, phone_number, whatsapp_number, enquiry_message, price_min, price_max, images, featured, active, created_at, updated_at) VALUES ('e5fb7e40-a2aa-4bb3-9da3-08eb1d51a939','engagement-ring-halo','Halo Diamond Engagement Ring','Round center stone with diamond halo','5470ce58-b654-4340-98c0-dffc1038570f','31219a91-b490-405c-9553-49ab49242a37','18K White Gold','5.00','Engagement','1.2ct Diamonds',NULL,NULL,NULL,'385000.00','445000.00','["https://images.unsplash.com/photo-1605100804763-247f67b3557e?w=1200"]'::jsonb,f,t,'2026-05-02 08:41:40.129517+00','2026-05-02 08:41:40.129517+00') ON CONFLICT DO NOTHING;
INSERT INTO public.products (id, slug, name, description, category_id, collection_id, metal, weight_grams, occasion, stones, phone_number, whatsapp_number, enquiry_message, price_min, price_max, images, featured, active, created_at, updated_at) VALUES ('09910434-57e9-4f9c-8d25-d41c1bbbe92c','gold-mangalsutra','Designer Gold Mangalsutra','Modern mangalsutra with diamond pendant','62ef5504-d67b-42d3-921a-c51abb9c81b2','456b1b06-7f16-4ad5-aaaf-18f7c564eba5','22K Gold','15.00','Daily','Diamonds',NULL,NULL,NULL,'68000.00','85000.00','["https://images.unsplash.com/photo-1611652022419-a9419f74343d?w=1200"]'::jsonb,f,t,'2026-05-02 08:41:40.129517+00','2026-05-02 08:41:40.129517+00') ON CONFLICT DO NOTHING;
INSERT INTO public.products (id, slug, name, description, category_id, collection_id, metal, weight_grams, occasion, stones, phone_number, whatsapp_number, enquiry_message, price_min, price_max, images, featured, active, created_at, updated_at) VALUES ('90147e35-26e4-4e2e-9228-211c21a3abef','kada-bangle','Diamond Kada Bangle','Wide kada bangle with diamond accents','843c2346-3766-41b0-a21f-370395fcaf78','31219a91-b490-405c-9553-49ab49242a37','18K Gold','32.00','Festive','Diamonds',NULL,NULL,NULL,'195000.00','235000.00','["https://images.unsplash.com/photo-1611591437281-460bfbe1220a?w=1200"]'::jsonb,f,t,'2026-05-02 08:41:40.129517+00','2026-05-02 08:41:40.129517+00') ON CONFLICT DO NOTHING;
INSERT INTO public.products (id, slug, name, description, category_id, collection_id, metal, weight_grams, occasion, stones, phone_number, whatsapp_number, enquiry_message, price_min, price_max, images, featured, active, created_at, updated_at) VALUES ('0334fd27-52ea-4df9-9774-befa1984b0ee','navaratna-ring','Navaratna Ring','Traditional nine-gem ring in 22k gold','843c2346-3766-41b0-a21f-370395fcaf78','8a90bde2-2354-4526-a70d-f62d6009b71a','22K Gold','8.00','Festive','9 Gemstones',NULL,NULL,NULL,'55000.00','72000.00','["https://images.unsplash.com/photo-1605100804763-247f67b3557e?w=1200"]'::jsonb,f,t,'2026-05-02 08:41:40.129517+00','2026-05-02 08:41:40.129517+00') ON CONFLICT DO NOTHING;
INSERT INTO public.products (id, slug, name, description, category_id, collection_id, metal, weight_grams, occasion, stones, phone_number, whatsapp_number, enquiry_message, price_min, price_max, images, featured, active, created_at, updated_at) VALUES ('04d914e2-fca8-4bf4-aa92-1216efab5676','south-indian-haaram','South Indian Long Haaram','Multi-layered long haaram with temple work','d346c0c5-58da-4ccf-a68f-84d8cfb7be61','8a90bde2-2354-4526-a70d-f62d6009b71a','22K Gold','125.00','Wedding','Rubies, Emeralds',NULL,NULL,NULL,'480000.00','560000.00','["https://images.unsplash.com/photo-1617038260897-41a1f14a8ca0?w=1200"]'::jsonb,f,t,'2026-05-02 08:41:40.129517+00','2026-05-02 08:41:40.129517+00') ON CONFLICT DO NOTHING;
INSERT INTO public.products (id, slug, name, description, category_id, collection_id, metal, weight_grams, occasion, stones, phone_number, whatsapp_number, enquiry_message, price_min, price_max, images, featured, active, created_at, updated_at) VALUES ('d56d508f-0874-45e5-ad28-d0d3209146f9','kundan-maang-tikka','Kundan Maang Tikka','Bridal maang tikka with kundan and pearls','98a641f6-0b2e-498c-a351-53f79409e1e9','99e484b4-9417-443a-ac0d-a12899bf388a','22K Gold','12.00','Wedding','Kundan, Pearls',NULL,NULL,NULL,'45000.00','62000.00','["https://images.unsplash.com/photo-1573408301185-9146fe634ad0?w=1200"]'::jsonb,f,t,'2026-05-02 08:41:40.129517+00','2026-05-02 08:41:40.129517+00') ON CONFLICT DO NOTHING;
INSERT INTO public.products (id, slug, name, description, category_id, collection_id, metal, weight_grams, occasion, stones, phone_number, whatsapp_number, enquiry_message, price_min, price_max, images, featured, active, created_at, updated_at) VALUES ('cc4ce34a-ce06-44a9-a433-68757ef55970','pearl-drop-earrings','Pearl Drop Earrings','South sea pearl drops with diamond tops','32bcf9b0-7a57-44c7-aeda-6d487b5471fe','456b1b06-7f16-4ad5-aaaf-18f7c564eba5','18K Gold','6.00','Daily','Pearls, Diamonds',NULL,NULL,NULL,'58000.00','72000.00','["https://images.unsplash.com/photo-1635767582909-345b8caa9f87?w=1200"]'::jsonb,f,t,'2026-05-02 08:41:40.129517+00','2026-05-02 08:41:40.129517+00') ON CONFLICT DO NOTHING;

-- store_info
INSERT INTO public.store_info (id, name, address, phone, whatsapp, email, map_embed_url, hours, gallery, announcement, instagram_url, facebook_url, youtube_url, created_at, updated_at) VALUES ('701923ef-313d-4cf2-9ac6-6ec184c61ff2','Lal Raja Gold And Diamond Jewellery','MG Road, Governorpet, Vijayawada, Andhra Pradesh 520002','+918184839498','+918184839498','info@lalrajajewels.com','https://www.google.com/maps/embed?pb=!1m18!1m12!1m3!1d3825.123!2d80.6480!3d16.5062!2m3!1f0!2f0!3f0!3m2!1i1024!2i768!4f13.1!3m3!1m2!1s0x0%3A0x0!2zMTbCsDMwJzIyLjMiTiA4MMKwMzgnNTIuOCJF!5e0!3m2!1sen!2sin!4v1700000000000','[{"day": "Monday", "open": "10:30 AM", "close": "8:30 PM"}, {"day": "Tuesday", "open": "10:30 AM", "close": "8:30 PM"}, {"day": "Wednesday", "open": "10:30 AM", "close": "8:30 PM"}, {"day": "Thursday", "open": "10:30 AM", "close": "8:30 PM"}, {"day": "Friday", "open": "10:30 AM", "close": "8:30 PM"}, {"day": "Saturday", "open": "10:30 AM", "close": "9:00 PM"}, {"day": "Sunday", "open": "11:00 AM", "close": "8:30 PM"}]'::jsonb,'["https://images.unsplash.com/photo-1617038260897-41a1f14a8ca0?w=1200", "https://images.unsplash.com/photo-1611591437281-460bfbe1220a?w=1200", "https://images.unsplash.com/photo-1573408301185-9146fe634ad0?w=1200"]'::jsonb,'Festive Season Special — Up to 25% off on making charges. Book your bridal appointment today!','https://instagram.com/lalrajajewels',NULL,NULL,'2026-05-02 08:41:40.129517+00','2026-05-02 09:16:43.484097+00') ON CONFLICT DO NOTHING;

-- testimonials
INSERT INTO public.testimonials (id, name, message, rating, occasion, photo_url, sort_order, approved, created_at, updated_at) VALUES ('e434e698-955f-404e-aee2-fa5bb59449ab','Priya & Karthik','The bridal set Lal Raja crafted for my wedding was beyond my dreams. Three generations of my family have trusted them.',5,'Wedding','https://images.unsplash.com/photo-1617038260897-41a1f14a8ca0?w=400',1,t,'2026-05-02 08:41:40.129517+00','2026-05-02 08:41:40.129517+00') ON CONFLICT DO NOTHING;
INSERT INTO public.testimonials (id, name, message, rating, occasion, photo_url, sort_order, approved, created_at, updated_at) VALUES ('b066c3c0-d95e-4b99-b963-ee22785f2936','Anjali Reddy','Beautiful temple jewellery and exceptional service. The Telugu touch makes everything feel personal.',5,'Festive','https://images.unsplash.com/photo-1573408301185-9146fe634ad0?w=400',2,t,'2026-05-02 08:41:40.129517+00','2026-05-02 08:41:40.129517+00') ON CONFLICT DO NOTHING;
INSERT INTO public.testimonials (id, name, message, rating, occasion, photo_url, sort_order, approved, created_at, updated_at) VALUES ('ca6430d0-a60b-43e5-b9c3-dff6df768b4a','Sneha Varma','My diamond solitaire is breathtaking. Certified, brilliant and delivered with so much care.',5,'Engagement','https://images.unsplash.com/photo-1635767582909-345b8caa9f87?w=400',3,t,'2026-05-02 08:41:40.129517+00','2026-05-02 08:41:40.129517+00') ON CONFLICT DO NOTHING;
INSERT INTO public.testimonials (id, name, message, rating, occasion, photo_url, sort_order, approved, created_at, updated_at) VALUES ('558cbb06-dd4e-437f-9611-c83335ead91a','Lakshmi Devi','Trusted Lal Raja for 20 years. Their craftsmanship and honesty are unmatched in Vijayawada.',5,'Heritage Customer','https://images.unsplash.com/photo-1611591437281-460bfbe1220a?w=400',4,t,'2026-05-02 08:41:40.129517+00','2026-05-02 08:41:40.129517+00') ON CONFLICT DO NOTHING;
INSERT INTO public.testimonials (id, name, message, rating, occasion, photo_url, sort_order, approved, created_at, updated_at) VALUES ('ea30b982-43ef-469b-9704-a942f0049b37','Divya & Family','From the first appointment to the final fitting — a truly luxurious bridal experience.',5,'Wedding','https://images.unsplash.com/photo-1606293459339-0c8d36e22e51?w=400',5,t,'2026-05-02 08:41:40.129517+00','2026-05-02 08:41:40.129517+00') ON CONFLICT DO NOTHING;

-- profiles (note: requires matching auth.users rows; otherwise FK will fail)
INSERT INTO public.profiles (id, email, phone, full_name, created_at, updated_at) VALUES ('55432e14-c68e-4fa2-89be-9f592899f9f4','2024eb01810@online.bits-pilani.ac.in',NULL,'ndp','2026-05-02 11:03:39.790473+00','2026-05-02 11:03:39.790473+00') ON CONFLICT DO NOTHING;
INSERT INTO public.profiles (id, email, phone, full_name, created_at, updated_at) VALUES ('613b0442-c078-4550-bcc2-0ea118b27da0','nagadurga20054@gmail.com',NULL,NULL,'2026-05-02 12:18:25.057583+00','2026-05-02 12:18:25.057583+00') ON CONFLICT DO NOTHING;

-- user_roles (note: requires matching auth.users rows; otherwise FK will fail)
INSERT INTO public.user_roles (id, user_id, role, created_at) VALUES ('b62527b7-7213-4dbf-964d-b6edf268b3cd','613b0442-c078-4550-bcc2-0ea118b27da0','admin','2026-05-02 12:18:25.057583+00') ON CONFLICT (user_id, role) DO NOTHING;

COMMIT;
